Date,Time,Comp,Round,Day,Venue,Result,GF,GA,Opponent,xG,xGA,Poss,Attendance,Captain,Formation,Opp Formation,Referee,Match Report,Notes,Season,Team
2023-08-20,20:45,Serie A,Matchweek 1,Sun,Away,W,3,0,Udinese,1.8,1.0,51,24911,Danilo,3-1-4-2,3-5-2,Antonio Rapuano,Match Report,,2023-2024,Juventus
2023-08-27,18:30,Serie A,Matchweek 2,Sun,Home,D,1,1,Bologna,0.8,0.5,58,36107,Danilo,3-1-4-2,4-2-3-1,Marco Di Bello,Match Report,,2023-2024,Juventus
2023-09-03,20:45,Serie A,Matchweek 3,Sun,Away,W,2,0,Empoli,2.7,0.3,50,15702,Danilo,3-5-2,4-3-3,Giovanni Ayroldi,Match Report,,2023-2024,Juventus
2023-09-16,15:00,Serie A,Matchweek 4,Sat,Home,W,3,1,Lazio,2.2,0.6,36,40652,Danilo,3-1-4-2,4-3-3,Fabio Maresca,Match Report,,2023-2024,Juventus
2023-09-23,18:00,Serie A,Matchweek 5,Sat,Away,L,2,4,Sassuolo,1.2,1.6,57,20141,Danilo,3-1-4-2,4-2-3-1,Andrea Colombo,Match Report,,2023-2024,Juventus
2023-09-26,20:45,Serie A,Matchweek 6,Tue,Home,W,1,0,Lecce,1.4,0.1,50,37498,Danilo,3-1-4-2,4-3-3,Antonio Giua,Match Report,,2023-2024,Juventus
2023-10-01,18:00,Serie A,Matchweek 7,Sun,Away,D,0,0,Atalanta,0.2,1.2,48,14811,Danilo,3-1-4-2,3-4-3,Daniele Chiffi,Match Report,,2023-2024,Juventus
2023-10-07,18:00,Serie A,Matchweek 8,Sat,Home,W,2,0,Torino,1.9,0.6,50,38858,Danilo,3-5-2,3-4-3,Davide Massa,Match Report,,2023-2024,Juventus
2023-10-22,20:45,Serie A,Matchweek 9,Sun,Away,W,1,0,Milan,1.4,0.3,48,75676,Adrien Rabiot,3-5-2,4-2-3-1,Maurizio Mariani,Match Report,,2023-2024,Juventus
2023-10-28,20:45,Serie A,Matchweek 10,Sat,Home,W,1,0,Hellas Verona,3.3,0.3,54,39429,Adrien Rabiot,3-5-2,3-4-1-2,Ermanno Feliciani,Match Report,,2023-2024,Juventus
2023-11-05,20:45,Serie A,Matchweek 11,Sun,Away,W,1,0,Fiorentina,0.7,0.7,32,38225,Adrien Rabiot,3-5-2,4-2-3-1,Daniele Chiffi,Match Report,,2023-2024,Juventus
2023-11-11,18:00,Serie A,Matchweek 12,Sat,Home,W,2,1,Cagliari,2.3,0.6,49,39892,Manuel Locatelli,3-5-2,4-2-3-1,Marco Piccinini,Match Report,,2023-2024,Juventus
2023-11-26,20:45,Serie A,Matchweek 13,Sun,Home,D,1,1,Inter,0.4,0.9,35,41507,Adrien Rabiot,5-3-2,3-5-2,Marco Guida,Match Report,,2023-2024,Juventus
2023-12-01,20:45,Serie A,Matchweek 14,Fri,Away,W,2,1,Monza,2.5,0.7,35,15148,Adrien Rabiot,3-5-2,3-4-3,Michael Fabbri,Match Report,,2023-2024,Juventus
2023-12-08,20:45,Serie A,Matchweek 15,Fri,Home,W,1,0,Napoli,0.9,1.2,34,41400,Danilo,3-5-2,4-3-3,Daniele Orsato,Match Report,,2023-2024,Juventus
2023-12-15,20:45,Serie A,Matchweek 16,Fri,Away,D,1,1,Genoa,1.7,0.8,57,33232,Danilo,3-5-2,5-3-2,Davide Massa,Match Report,,2023-2024,Juventus
2023-12-23,12:30,Serie A,Matchweek 17,Sat,Away,W,2,1,Frosinone,1.1,0.5,44,38225,Danilo,3-5-2,3-4-3,Maurizio Mariani,Match Report,,2023-2024,Juventus
2023-12-30,20:45,Serie A,Matchweek 18,Sat,Home,W,1,0,Roma,1.1,0.5,43,41503,Danilo,3-5-2,3-5-2,Simone Sozza,Match Report,,2023-2024,Juventus
2024-01-04,21:00,Coppa Italia,Round of 16,Thu,Home,W,6,1,Salernitana,,,58,40548,Danilo,3-5-2,4-2-3-1,Davide Ghersini,Match Report,,2023-2024,Juventus
2024-01-07,18:00,Serie A,Matchweek 19,Sun,Away,W,2,1,Salernitana,2.0,0.8,70,40548,Danilo,3-5-2,3-5-2,Marco Guida,Match Report,,2023-2024,Juventus
2024-01-11,21:00,Coppa Italia,Quarter-finals,Thu,Home,W,4,0,Frosinone,,,46,37940,Danilo,3-5-2,3-4-3,Juan Sacchi,Match Report,,2023-2024,Juventus
2024-01-16,20:45,Serie A,Matchweek 20,Tue,Home,W,3,0,Sassuolo,1.2,0.3,46,39005,Danilo,3-5-2,4-2-3-1,Marco Piccinini,Match Report,,2023-2024,Juventus
2024-01-21,20:45,Serie A,Matchweek 21,Sun,Away,W,3,0,Lecce,2.1,0.6,49,28074,Danilo,3-5-2,4-1-4-1,Daniele Doveri,Match Report,,2023-2024,Juventus
2024-01-27,18:00,Serie A,Matchweek 22,Sat,Home,D,1,1,Empoli,0.8,0.8,40,39518,Alex Sandro,3-5-2,3-5-2,Livio Marinelli,Match Report,,2023-2024,Juventus
2024-02-04,20:45,Serie A,Matchweek 23,Sun,Away,L,0,1,Inter,0.6,1.7,46,75547,Danilo,3-5-2,3-5-2,Fabio Maresca,Match Report,,2023-2024,Juventus
2024-02-12,20:45,Serie A,Matchweek 24,Mon,Home,L,0,1,Udinese,1.7,0.7,70,38856,Adrien Rabiot,3-5-2,3-5-1-1,Rosario Abisso,Match Report,,2023-2024,Juventus
2024-02-17,18:00,Serie A,Matchweek 25,Sat,Away,D,2,2,Hellas Verona,1.8,0.6,56,26000,Danilo,3-5-2,4-2-3-1,Marco Di Bello,Match Report,,2023-2024,Juventus
2024-02-25,12:30,Serie A,Matchweek 26,Sun,Home,W,3,2,Frosinone,2.0,0.4,62,40719,Adrien Rabiot,3-5-2,5-3-2,Antonio Rapuano,Match Report,,2023-2024,Juventus
2024-03-03,20:45,Serie A,Matchweek 27,Sun,Away,L,1,2,Napoli,1.6,2.1,30,52000,Alex Sandro,3-5-2,4-3-3,Maurizio Mariani,Match Report,,2023-2024,Juventus
2024-03-10,18:00,Serie A,Matchweek 28,Sun,Home,D,2,2,Atalanta,1.3,0.5,52,39206,Danilo,3-4-3,3-4-3,Marco Guida,Match Report,,2023-2024,Juventus
2024-03-17,12:30,Serie A,Matchweek 29,Sun,Home,D,0,0,Genoa,1.0,0.2,66,40098,Danilo,3-5-2,3-4-3,Antonio Giua,Match Report,,2023-2024,Juventus
2024-03-30,18:00,Serie A,Matchweek 30,Sat,Away,L,0,1,Lazio,0.5,1.1,35,53000,Danilo,4-3-3,4-4-2,Andrea Colombo,Match Report,,2023-2024,Juventus
2024-04-02,21:00,Coppa Italia,Semi-finals,Tue,Home,W,2,0,Lazio,,,42,39056,Danilo,3-5-2,4-3-3,Davide Massa,Match Report,Leg 1 of 2,2023-2024,Juventus
2024-04-07,20:45,Serie A,Matchweek 31,Sun,Home,W,1,0,Fiorentina,1.9,0.5,26,37994,Danilo,3-5-2,4-2-3-1,Federico La Penna,Match Report,,2023-2024,Juventus
2024-04-13,18:00,Serie A,Matchweek 32,Sat,Away,D,0,0,Torino,1.2,0.6,52,27788,Danilo,3-5-2,3-4-1-2,Fabio Maresca,Match Report,,2023-2024,Juventus
2024-04-19,20:45,Serie A,Matchweek 33,Fri,Away,D,2,2,Cagliari,0.7,2.2,74,16179,Danilo,3-5-2,3-4-3,Marco Piccinini,Match Report,,2023-2024,Juventus
2024-04-23,21:00,Coppa Italia,Semi-finals,Tue,Away,L,1,2,Lazio,,,43,40076,Danilo,3-5-2,3-4-3,Daniele Orsato,Match Report,Leg 2 of 2; Juventus won,2023-2024,Juventus
2024-04-27,18:00,Serie A,Matchweek 34,Sat,Home,D,0,0,Milan,1.4,0.3,51,39845,Danilo,3-5-2,4-2-3-1,Maurizio Mariani,Match Report,,2023-2024,Juventus
2024-05-05,20:45,Serie A,Matchweek 35,Sun,Away,D,1,1,Roma,1.2,1.7,40,63996,Danilo,3-5-2,4-3-2-1,Andrea Colombo,Match Report,,2023-2024,Juventus
2024-05-12,18:00,Serie A,Matchweek 36,Sun,Home,D,1,1,Salernitana,2.3,0.8,67,37470,Adrien Rabiot,3-5-2,3-4-3,Alberto Santoro,Match Report,,2023-2024,Juventus
2024-05-15,21:00,Coppa Italia,Final,Wed,Neutral,W,1,0,Atalanta,,,34,66854,Danilo,3-5-2,3-4-3,Fabio Maresca,Match Report,,2023-2024,Juventus
2024-05-20,20:45,Serie A,Matchweek 37,Mon,Away,D,3,3,Bologna,0.7,1.4,38,29603,Danilo,3-5-2,4-1-4-1,Giovanni Ayroldi,Match Report,,2023-2024,Juventus
2024-05-25,18:00,Serie A,Matchweek 38,Sat,Home,W,2,0,Monza,0.9,0.6,43,15148,Alex Sandro,3-4-3,3-4-3,Maria Sole Ferrieri Caputi,Match Report,,2023-2024,Juventus
2024-08-19,20:45,Serie A,Matchweek 1,Mon,Home,W,3,0,Como,1.2,0.2,57,40696,Federico Gatti,4-2-3-1,4-4-2,Matteo Marcenaro,Match Report,,2024-2025,Juventus
2024-08-26,20:45,Serie A,Matchweek 2,Mon,Away,W,3,0,Hellas Verona,1.2,0.5,60,29575,Federico Gatti,4-2-3-1,3-4-3,Antonio Giua,Match Report,,2024-2025,Juventus
2024-09-01,20:45,Serie A,Matchweek 3,Sun,Home,D,0,0,Roma,0.5,0.3,49,41375,Federico Gatti,4-2-3-1,4-2-3-1,Marco Guida,Match Report,,2024-2025,Juventus
2024-09-14,18:00,Serie A,Matchweek 4,Sat,Away,D,0,0,Empoli,0.9,0.5,65,15715,Federico Gatti,4-2-3-1,3-4-3,Marco Di Bello,Match Report,,2024-2025,Juventus
2024-09-17,18:45,Champions Lg,League phase,Tue,Home,W,3,1,nl PSV Eindhoven,2.9,1.0,44,40417,Federico Gatti,4-3-3,4-3-3,Alejandro Hernández,Match Report,,2024-2025,Juventus
2024-09-21,18:00,Serie A,Matchweek 5,Sat,Home,D,0,0,Napoli,0.3,0.3,64,40295,Gleison Bremer,4-2-3-1,4-2-3-1,Daniele Doveri,Match Report,,2024-2025,Juventus
2024-09-28,18:00,Serie A,Matchweek 6,Sat,Away,W,3,0,Genoa,2.6,0.4,65,26599,Danilo,4-2-3-1,3-5-2,Andrea Colombo,Match Report,,2024-2025,Juventus
2024-10-02,21:00,Champions Lg,League phase,Wed,Away,W,3,2,de RB Leipzig,1.2,3.3,55,45228,Gleison Bremer,4-2-3-1,4-4-2,François Letexier,Match Report,,2024-2025,Juventus
2024-10-06,12:30,Serie A,Matchweek 7,Sun,Home,D,1,1,Cagliari,2.4,1.1,73,40557,Federico Gatti,4-2-3-1,4-2-3-1,Livio Marinelli,Match Report,,2024-2025,Juventus
2024-10-19,20:45,Serie A,Matchweek 8,Sat,Home,W,1,0,Lazio,1.3,0.1,69,40800,Andrea Cambiaso,4-3-3,4-2-3-1,Juan Luca Sacchi,Match Report,,2024-2025,Juventus
2024-10-22,21:00,Champions Lg,League phase,Tue,Home,L,0,1,de Stuttgart,0.2,2.5,50,41306,Danilo,4-3-3,4-2-3-1,Espen Eskås,Match Report,,2024-2025,Juventus
2024-10-27,18:00,Serie A,Matchweek 9,Sun,Away,D,4,4,Inter,2.1,3.0,53,75000,Danilo,4-2-3-1,3-5-2,Marco Guida,Match Report,,2024-2025,Juventus
2024-10-30,20:45,Serie A,Matchweek 10,Wed,Home,D,2,2,Parma,2.4,1.2,61,40809,Danilo,4-3-3,4-2-3-1,Luca Zufferli,Match Report,,2024-2025,Juventus
2024-11-02,18:00,Serie A,Matchweek 11,Sat,Away,W,2,0,Udinese,1.3,0.6,61,24990,Manuel Locatelli,4-2-3-1,3-5-2,Rosario Abisso,Match Report,,2024-2025,Juventus
2024-11-05,21:00,Champions Lg,League phase,Tue,Away,D,1,1,fr Lille,1.4,0.8,66,48312,Manuel Locatelli,4-2-3-1,4-2-3-1,Irfan Peljto,Match Report,,2024-2025,Juventus
2024-11-09,20:45,Serie A,Matchweek 12,Sat,Home,W,2,0,Torino,1.7,0.4,54,41066,Manuel Locatelli,4-2-3-1,3-5-2,Simone Sozza,Match Report,,2024-2025,Juventus
2024-11-23,18:00,Serie A,Matchweek 13,Sat,Away,D,0,0,Milan,0.4,0.3,56,75502,Manuel Locatelli,4-2-2-2,4-3-3,Daniele Chiffi,Match Report,,2024-2025,Juventus
2024-11-27,20:00,Champions Lg,League phase,Wed,Away,D,0,0,eng Aston Villa,0.4,1.2,54,42589,Manuel Locatelli,4-2-3-1,4-2-3-1,Jesús Gil,Match Report,,2024-2025,Juventus
2024-12-01,20:45,Serie A,Matchweek 14,Sun,Away,D,1,1,Lecce,1.3,1.5,61,27080,Danilo,4-2-3-1,4-2-3-1,Antonio Rapuano,Match Report,,2024-2025,Juventus
2024-12-07,18:00,Serie A,Matchweek 15,Sat,Home,D,2,2,Bologna,1.0,0.9,54,40748,Danilo,4-2-3-1,4-2-3-1,Matteo Marchetti,Match Report,,2024-2025,Juventus
2024-12-11,21:00,Champions Lg,League phase,Wed,Home,W,2,0,eng Manchester City,1.1,1.2,31,40890,Danilo,4-2-3-1,4-2-3-1,Clément Turpin,Match Report,,2024-2025,Juventus
2024-12-14,20:45,Serie A,Matchweek 16,Sat,Home,D,2,2,Venezia,2.1,0.4,69,38425,Danilo,4-2-3-1,3-4-3,Antonio Giua,Match Report,,2024-2025,Juventus
2024-12-17,21:00,Coppa Italia,Round of 16,Tue,Home,W,4,0,Cagliari,,,55,36664,Manuel Locatelli,4-2-3-1,4-4-1-1,Ermanno Feliciani,Match Report,,2024-2025,Juventus
2024-12-22,20:45,Serie A,Matchweek 17,Sun,Away,W,2,1,Monza,1.8,1.3,55,15479,Manuel Locatelli,4-2-3-1,3-4-3,Davide Massa,Match Report,,2024-2025,Juventus
2024-12-29,18:00,Serie A,Matchweek 18,Sun,Home,D,2,2,Fiorentina,1.5,1.0,62,41188,Manuel Locatelli,4-2-3-1,4-2-3-1,Maurizio Mariani,Match Report,,2024-2025,Juventus
2025-01-03,22:00,Supercoppa,Semi-finals,Fri,Neutral,L,1,2,Milan,,,51,24783,Manuel Locatelli,4-2-3-1,4-3-3,Andrea Colombo,Match Report,,2024-2025,Juventus
2025-01-11,18:00,Serie A,Matchweek 20,Sat,Away,D,1,1,Torino,0.9,0.6,59,27014,Teun Koopmeiners,4-2-3-1,4-4-2,Michael Fabbri,Match Report,,2024-2025,Juventus
2025-01-14,20:45,Serie A,Matchweek 19,Tue,Away,D,1,1,Atalanta,1.5,1.4,40,22920,Manuel Locatelli,4-2-3-1,3-4-1-2,Daniele Doveri,Match Report,,2024-2025,Juventus
2025-01-18,18:00,Serie A,Matchweek 21,Sat,Home,W,2,0,Milan,1.1,0.9,60,41507,Manuel Locatelli,4-2-3-1,4-3-3,Davide Massa,Match Report,,2024-2025,Juventus
2025-01-21,21:00,Champions Lg,League phase,Tue,Away,D,0,0,be Club Brugge,0.4,0.7,57,26700,Manuel Locatelli,4-2-3-1,4-2-3-1,Benoît Bastien,Match Report,,2024-2025,Juventus
2025-01-25,18:00,Serie A,Matchweek 22,Sat,Away,L,1,2,Napoli,0.8,2.3,51,53589,Manuel Locatelli,4-2-3-1,4-3-3,Daniele Chiffi,Match Report,,2024-2025,Juventus
2025-01-29,21:00,Champions Lg,League phase,Wed,Home,L,0,2,pt Benfica,0.9,2.2,66,41402,Weston McKennie,4-2-3-1,4-3-3,István Kovács,Match Report,,2024-2025,Juventus
2025-02-02,12:30,Serie A,Matchweek 23,Sun,Home,W,4,1,Empoli,1.8,0.8,55,40160,Manuel Locatelli,4-2-3-1,3-4-3,Luca Zufferli,Match Report,,2024-2025,Juventus
2025-02-07,20:45,Serie A,Matchweek 24,Fri,Away,W,2,1,Como,1.1,0.9,48,10475,Manuel Locatelli,4-2-3-1,4-2-3-1,Rosario Abisso,Match Report,,2024-2025,Juventus
2025-02-11,21:00,Champions Lg,Knockout phase play-offs,Tue,Home,W,2,1,nl PSV Eindhoven,1.4,0.8,47,39886,Manuel Locatelli,4-2-3-1,4-2-3-1,Daniel Siebert,Match Report,Leg 1 of 2,2024-2025,Juventus
2025-02-16,20:45,Serie A,Matchweek 25,Sun,Home,W,1,0,Inter,1.2,1.8,42,41361,Weston McKennie,4-2-3-1,3-5-2,Maurizio Mariani,Match Report,,2024-2025,Juventus
2025-02-19,21:00,Champions Lg,Knockout phase play-offs,Wed,Away,L,1,3,nl PSV Eindhoven,1.7,3.4,41,35000,Manuel Locatelli,4-2-3-1,4-2-3-1,Slavko Vinčič,Match Report,Leg 2 of 2; PSV Eindhoven won; Required Extra Time,2024-2025,Juventus
2025-02-23,20:45,Serie A,Matchweek 26,Sun,Away,W,1,0,Cagliari,2.1,0.3,60,16412,Manuel Locatelli,4-2-3-1,4-5-1,Andrea Colombo,Match Report,,2024-2025,Juventus
2025-02-26,21:00,Coppa Italia,Quarter-finals,Wed,Home,D,1 (2),1 (4),Empoli,,,69,39304,Weston McKennie,4-1-4-1,3-5-2,Francesco Fourneau,Match Report,Empoli won on penalty kicks following extra time,2024-2025,Juventus
2025-03-03,20:45,Serie A,Matchweek 27,Mon,Home,W,2,0,Hellas Verona,2.0,0.2,75,36215,Manuel Locatelli,4-2-3-1,5-3-2,Matteo Marchetti,Match Report,,2024-2025,Juventus
2025-03-09,20:45,Serie A,Matchweek 28,Sun,Home,L,0,4,Atalanta,0.9,3.2,63,40266,Manuel Locatelli,4-2-3-1,3-4-3,Simone Sozza,Match Report,,2024-2025,Juventus
2025-03-16,18:00,Serie A,Matchweek 29,Sun,Away,L,0,3,Fiorentina,0.8,0.4,62,22253,Manuel Locatelli,4-2-3-1,3-5-1-1,Michael Fabbri,Match Report,,2024-2025,Juventus
2025-03-29,18:00,Serie A,Matchweek 30,Sat,Home,W,1,0,Genoa,0.9,0.4,49,40219,Manuel Locatelli,3-4-3,4-2-3-1,Antonio Rapuano,Match Report,,2024-2025,Juventus
2025-04-06,20:45,Serie A,Matchweek 31,Sun,Away,D,1,1,Roma,0.8,1.1,59,65778,Manuel Locatelli,3-4-3,3-4-3,Andrea Colombo,Match Report,,2024-2025,Juventus
2025-04-12,20:45,Serie A,Matchweek 32,Sat,Home,W,2,1,Lecce,1.5,1.1,65,39259,Manuel Locatelli,3-4-3,3-4-3,Luca Zufferli,Match Report,,2024-2025,Juventus
2025-04-23,18:30,Serie A,Matchweek 33,Wed,Away,L,0,1,Parma,0.8,0.6,66,21108,Manuel Locatelli,3-4-3,3-5-2,Daniele Chiffi,Match Report,,2024-2025,Juventus
2025-04-27,18:00,Serie A,Matchweek 34,Sun,Home,W,2,0,Monza,1.4,0.7,35,40016,Manuel Locatelli,3-4-3,3-5-2,Daniele Perenzoni,Match Report,,2024-2025,Juventus
2025-05-04,20:45,Serie A,Matchweek 35,Sun,Away,D,1,1,Bologna,0.8,0.4,36,30846,Manuel Locatelli,3-4-1-2,4-2-3-1,Daniele Doveri,Match Report,,2024-2025,Juventus
2025-05-10,18:00,Serie A,Matchweek 36,Sat,Away,D,1,1,Lazio,0.8,1.7,42,56000,Manuel Locatelli,3-4-3,4-2-3-1,Davide Massa,Match Report,,2024-2025,Juventus
2025-05-18,20:45,Serie A,Matchweek 37,Sun,Home,W,2,0,Udinese,1.8,0.3,63,40259,Manuel Locatelli,4-2-3-1,3-4-3,Giovanni Ayroldi,Match Report,,2024-2025,Juventus
2025-05-25,20:45,Serie A,Matchweek 38,Sun,Away,W,3,2,Venezia,1.9,0.9,56,12048,Manuel Locatelli,3-4-3,3-5-2,Andrea Colombo,Match Report,,2024-2025,Juventus
